sigma,rep,Z_reopt,Z_base_plan,regret_pct,same_solution,K
1,0,318,318,0.0,True,4
1,1,316,316,0.0,True,4
1,2,321,321,0.0,True,4
1,3,308,308,0.0,True,4
1,4,319,319,0.0,True,4
1,5,326,326,0.0,True,4
1,6,324,324,0.0,True,4
1,7,322,322,0.0,True,4
1,8,318,318,0.0,True,4
1,9,315,315,0.0,True,4
1,10,320,320,0.0,True,4
1,11,308,308,0.0,True,4
1,12,327,327,0.0,True,4
1,13,316,316,0.0,True,4
1,14,317,317,0.0,True,4
1,15,318,318,0.0,True,4
1,16,320,320,0.0,True,4
1,17,323,323,0.0,True,4
1,18,318,318,0.0,True,4
1,19,324,324,0.0,True,4
2,0,331,331,0.0,True,4
2,1,330,330,0.0,True,4
2,2,306,306,0.0,True,4
2,3,323,323,0.0,True,4
2,4,315,315,0.0,True,4
2,5,326,326,0.0,True,4
2,6,308,308,0.0,True,4
2,7,337,338,0.29673590504451036,False,4
2,8,337,337,0.0,True,4
2,9,309,309,0.0,True,4
2,10,305,305,0.0,True,4
2,11,325,325,0.0,True,4
2,12,320,320,0.0,True,4
2,13,310,310,0.0,True,4
2,14,316,316,0.0,True,4
2,15,321,321,0.0,True,4
2,16,302,302,0.0,True,4
2,17,338,338,0.0,True,4
2,18,305,305,0.0,True,4
2,19,332,332,0.0,True,4
3,0,310,310,0.0,True,4
3,1,316,316,0.0,True,4
3,2,325,325,0.0,True,4
3,3,327,327,0.0,True,4
3,4,327,327,0.0,True,4
3,5,313,314,0.3194888178913738,False,4
3,6,300,300,0.0,True,4
3,7,315,315,0.0,True,4
3,8,345,345,0.0,True,4
3,9,329,333,1.21580547112462,False,4
3,10,335,335,0.0,True,4
3,11,341,341,0.0,True,4
3,12,323,323,0.0,True,4
3,13,315,315,0.0,True,4
3,14,320,320,0.0,True,4
3,15,330,339,2.727272727272727,False,4
3,16,323,323,0.0,True,4
3,17,323,323,0.0,True,4
3,18,320,322,0.625,False,4
3,19,332,334,0.6024096385542169,False,4
5,0,292,292,0.0,True,4
5,1,328,328,0.0,True,4
5,2,337,346,2.6706231454005933,False,3
5,3,331,358,8.157099697885196,False,4
5,4,294,300,2.0408163265306123,False,4
5,5,303,303,0.0,False,4
5,6,316,324,2.5316455696202533,False,4
5,7,353,359,1.6997167138810199,False,4
5,8,340,352,3.5294117647058822,False,4
5,9,297,297,0.0,False,4
5,10,309,328,6.148867313915858,False,4
5,11,327,327,0.0,True,4
5,12,321,321,0.0,False,4
5,13,312,314,0.6410256410256411,False,4
5,14,348,348,0.0,True,4
5,15,361,361,0.0,True,4
5,16,332,332,0.0,True,4
5,17,308,343,11.363636363636363,False,4
5,18,287,287,0.0,True,4
5,19,331,331,0.0,True,4
8,0,292,312,6.8493150684931505,False,4
8,1,354,360,1.694915254237288,False,4
8,2,368,368,0.0,True,4
8,3,332,381,14.759036144578314,False,4
8,4,373,380,1.876675603217158,False,4
8,5,355,381,7.323943661971831,False,4
8,6,335,336,0.29850746268656714,False,4
8,7,318,372,16.9811320754717,False,4
8,8,345,370,7.246376811594203,False,4
8,9,308,334,8.441558441558442,False,4
8,10,370,439,18.64864864864865,False,4
8,11,351,382,8.831908831908832,False,4
8,12,330,356,7.878787878787879,False,4
8,13,364,369,1.3736263736263736,False,4
8,14,360,365,1.3888888888888888,False,4
8,15,352,374,6.25,False,4
8,16,389,389,0.0,True,4
8,17,336,379,12.797619047619047,False,3
8,18,289,299,3.4602076124567476,False,4
8,19,276,277,0.36231884057971014,False,4
