Q,K_min,K_used,Z,routes
20,8,10,558,2 | 3 | 4 | 5 | 6 | 7 | 8 | 9 | 10 | 11
25,6,7,495,2-10 | 3 | 4-5 | 7 | 8 | 9-6 | 11
30,5,6,407,3-2 | 5-4 | 6-10 | 7 | 9-8 | 11
35,5,5,378,3-2 | 5-11 | 7-6 | 8-9 | 10-4
40,4,4,360,4-3-2 | 7-6 | 10-9-8 | 11-5
45,4,4,329,6-2-3 | 7 | 10-4-5 | 11-9-8
50,3,4,317,3-2-6 | 9-8-7 | 10 | 11-5-4
55,3,3,300,3-2-6 | 7-8-9 | 10-4-5-11
60,3,3,295,9-8-7 | 10-3-2-6 | 11-5-4
70,3,3,281,4-5-11-9-8 | 7-6-2-3 | 10
80,2,2,259,4-5-11-9-8 | 10-3-2-6-7
90,2,2,259,8-9-11-5-4 | 10-3-2-6-7
100,2,2,259,8-9-11-5-4 | 10-3-2-6-7
120,2,2,259,7-8-9-11-5-4 | 10-3-2-6
146,1,1,233,10-3-2-6-7-8-9-11-5-4
160,1,1,233,4-5-11-9-8-7-6-2-3-10
