alpha,total_demand,K_min,K_used,Z,routes
0.5,73,2,2,259,8-9-11-5-4 | 10-3-2-6-7
0.6,88,2,2,259,8-9-11-5-4 | 10-3-2-6-7
0.7,102,3,3,281,4-5-11-9-8 | 7-6-2-3 | 10
0.8,117,3,3,295,4-5-11 | 9-8-7 | 10-3-2-6
0.9,132,3,3,300,3-2-6 | 9-8-7 | 10-4-5-11
1.0,146,3,4,317,3-2-6 | 9-8-7 | 10 | 11-5-4
1.1,160,4,4,329,6-2-3 | 7 | 8-9-11 | 10-4-5
1.2,175,4,4,349,3-2 | 7-6 | 8-9-5 | 10-4-11
1.3,190,4,5,370,3-2 | 7-6 | 8-11 | 9-5-4 | 10
1.4,204,5,5,370,2-3 | 6-7 | 8-11 | 9-5-4 | 10
1.5,219,5,6,404,3-2 | 5-11 | 6 | 7 | 9-8 | 10-4
